Test Index,Actual Condition,Load (Nm),RPM,RMS,BPFI Avg Power (1000-3000Hz),BPFO Avg Power (1000-3000Hz),Generated Report
10,normal,4.0,1780,1.553045556250515,0.0006682835690557339,2.939641402095332e-05,"**조치 보고서**

현재 베어링의 상태는 **정상**입니다. 

진동 RMS 값이 1.5530이며 이는 일반적인 범용 기준에 부합합니다. 또한, BPFI 및 BPFO 평균 파워 값이 모두 0.00인 것은 이상 징후 없음을 나타냅니다.

추천하는 정비 액션 아이템은 다음과 같습니다:

1) 센서 체결 상태 및 케이블 단선 또는 노이즈 여부를 확인한다.
2) 정기 점검 주기를 유지하면서 동일 조건에서의 추세를 계속 모니터링한다.

위험도는 **정상**입니다."
25,BPFI_10,4.0,1780,12.966176060871835,0.11112918779995566,0.00028224610928963376,"**조치 보고서**

현재 베어링의 상태는 **내륜결함**입니다. 참고 사례에서 유사한 증상을 나타낸 것으로 보아 이에 해당합니다.

추천하는 정비 액션 아이템은 다음과 같습니다:

1) 금속분/마모분(페로그래피) 또는 오일 분석으로 진행성을 판단하여 적절한 대응 방안을 마련해야 합니다.
2) 부하 왜곡 운전이나 속도 제한 등의 임시 운전 조건 조정이 필요합니다.

현재 상태의 위험도는 다음과 같이 평가되었습니다:

진동 RMS 값이 12.9662인 점에서는 경계선 근처이며, BPFI 평균 파워 값이 0.11이고 BPFO 평균 파워 값이 0.00인 점에서도 고려하면 위험도는 **주의** 단계에 있습니다.

따라서 이러한 상황 하에서 이상적인 관리 방법은 위에서 언급한 것들에 집중하며, 추가적으로 자세한 검사를 통해 문제 원인이 규명되고 해결될 때까지 임시적 조치를 유지할 것을 권장드립니다."
40,BPFI_30,4.0,1780,11.004558659891643,0.0028038542633804057,0.00031020892437055105,"**조치 보고서**

현재 베어링의 상태는 **정상**입니다. 참고 사례에서 유사한 진동 RMS 값과 BPFI/BPFO 평균 파워값에 비추어 볼 때, 베어링에는 결함이나 이상 현상이 존재하지 않는 것으로 판단됩니다.

다만, 다음과 같은 정비 액션 아이템들을 권장합니다:

1) 정기적인 점검을 통해 동일한 조건 하에서 베어링의 변화 추세를 계속적으로 모니터링해야 합니다.
2) 윤활 상태를 점검하여 필요한 경우에는 다시 윤활해야 합니다.

이러한 조치들은 참고 사례들로부터 얻은 경험을 반영하였으며, 이를 통해 장기간 안전하게 운행할 수 있는 방안을 마련하였습니다."
55,BPFO_10,4.0,1780,4.3735883067194425,0.0025485705530758703,0.001226316912648232,"**조치 보고서**

현재 베어링의 상태는 **정상**입니다. 참고 사례에서 유사한 진동 RMS 수치인 4.3736과 BPFI(BPFO) 평균 파워 값이 모두 0에 가까운 것을 반영합니다. 이 결과는 베어링 내 외 또는 내 릭 결함 없음을 나타냅니다.

추천하는 정비 액션 아이템은 다음과 같습니다:

1) 센서 체결 상태 및 케이블 단선이나 노이즈 여부를 확인한다.
2) 정기적인 점검 주기를 유지하면서 동일한 조건 하에서 추세를 계속 모니터링한다.

이러한 조치들은 참고 사례들로부터 얻은 경험을 극복하여 안전하게 운영할 수 있도록 도움을 줄 것입니다."
56,BPFO_30,4.0,1780,13.022354214022938,0.0009238200306325591,0.02403237023059187,"**조치 보고서**

현재 베어링의 상태는 **정상**입니다. 참고 사례 1에서 유사한 상황에 대한 결과를 반영하여, 베어링의 현저한 이상 징후 없음으로 판단됩니다.

추천하는 정비 액션 아이템은 다음과 같습니다:

1) 정기적인 점검 주기를 유지하면서 동일한 조건 하에서의 추세 모니터링을 계속 진행합니다.
2) 센서 연결 상태와 케이블의 단선이나 노이즈 문제 등을 일관되게 검토해야 합니다.

진동 RMS 값이 13.0224이며, 이는 일반적으로 정상 범위인 것으로 간주될 수 있습니다. 또한, BPFI 평균 파워 값이 0.00이고 BPFO 평균 파워 값이 0.02라는 정보는 추가적 결함 가능성에 대해 우려할 만하지 않습니다.

따라서, 현재 상태는 **정상**으로 평가되고 위험이 없습니다. 그러나 적절한 관리와 모니터링을 통해 예방적이며 효과적인 대응 방안을 취하도록 권장드립니다."
